"Package","Version","Built"
"ashr","2.2-63","4.4.0"
"askpass","1.2.1","4.4.1"
"backports","1.5.0","4.4.1"
"base64enc","0.1-6","4.4.3"
"bigD","0.3.1","4.4.1"
"bit","4.6.0","4.4.1"
"bit64","4.6.0-1","4.4.1"
"bitops","1.0-9","4.4.1"
"blob","1.3.0","4.4.3"
"broom","1.0.12","4.4.3"
"bslib","0.10.0","4.4.3"
"cachem","1.1.0","4.4.1"
"callr","3.7.6","4.4.0"
"cellranger","1.1.0","4.4.0"
"cli","3.6.5","4.4.1"
"clipr","0.8.0","4.4.1"
"commonmark","2.0.0","4.4.1"
"conflicted","1.2.0","4.4.0"
"cowplot","1.2.0","4.4.1"
"cpp11","0.5.3","4.4.3"
"crayon","1.5.3","4.4.1"
"curl","7.0.0","4.4.1"
"data.table","1.18.2.1","4.4.3"
"DBI","1.3.0","4.4.3"
"dbplyr","2.5.1","4.4.1"
"deconvolveR","1.2-1","4.4.0"
"digest","0.6.39","4.4.3"
"dplyr","1.2.0","4.4.3"
"dtplyr","1.3.3","4.4.3"
"ebnm","1.1-38","4.4.2"
"etrunct","0.1","4.4.1"
"evaluate","1.0.5","4.4.1"
"farver","2.1.2","4.4.1"
"fastmap","1.2.0","4.4.1"
"flashier","1.0.7","4.4.0"
"fontawesome","0.5.3","4.4.1"
"forcats","1.0.1","4.4.1"
"fs","1.6.7","4.4.3"
"gargle","1.6.1","4.4.3"
"generics","0.1.4","4.4.1"
"ggplot2","4.0.2","4.4.3"
"ggrepel","0.9.8","4.4.3"
"glue","1.8.0","4.4.1"
"googledrive","2.1.2","4.4.1"
"googlesheets4","1.1.2","4.4.1"
"gt","1.3.0","4.4.3"
"gtable","0.3.6","4.4.1"
"haven","2.5.5","4.4.1"
"highr","0.12","4.4.3"
"hms","1.1.4","4.4.1"
"horseshoe","0.2.0","4.4.2"
"htmltools","0.5.9","4.4.3"
"htmlwidgets","1.6.4","4.4.0"
"httr","1.4.8","4.4.3"
"ids","1.0.1","4.4.0"
"invgamma","1.2","4.4.1"
"irlba","2.3.7","4.4.3"
"isoband","0.3.0","4.4.3"
"jquerylib","0.1.4","4.4.0"
"jsonlite","2.0.0","4.4.1"
"juicyjuice","0.1.0","4.4.0"
"knitr","1.51","4.4.3"
"labeling","0.4.3","4.4.1"
"lattice","0.22-9","4.4.3"
"lifecycle","1.0.5","4.4.3"
"litedown","0.9","4.4.3"
"lubridate","1.9.5","4.4.3"
"magrittr","2.0.4","4.4.1"
"markdown","2.0","4.4.1"
"Matrix","1.7-5","4.4.3"
"memoise","2.0.1","4.4.0"
"microbenchmark","1.5.0","4.4.1"
"mime","0.13","4.4.1"
"mixsqp","0.3-54","4.4.0"
"modelr","0.1.11","4.4.0"
"openssl","2.3.5","4.4.3"
"pillar","1.11.1","4.4.1"
"pkgconfig","2.0.3","4.4.1"
"prettyunits","1.2.0","4.4.1"
"processx","3.8.6","4.4.1"
"progress","1.2.3","4.4.0"
"ps","1.9.1","4.4.1"
"purrr","1.2.1","4.4.3"
"R6","2.6.1","4.4.1"
"ragg","1.5.1","4.4.3"
"rappdirs","0.3.4","4.4.3"
"RColorBrewer","1.1-3","4.4.1"
"Rcpp","1.1.1","4.4.3"
"RcppArmadillo","15.2.4-1","4.4.3"
"reactable","0.4.5","4.4.3"
"reactR","0.6.1","4.4.1"
"readr","2.2.0","4.4.3"
"readxl","1.4.5","4.4.1"
"rematch","2.0.0","4.4.1"
"rematch2","2.1.2","4.4.0"
"reprex","2.1.1","4.4.0"
"rlang","1.1.7","4.4.3"
"rmarkdown","2.30","4.4.1"
"rstudioapi","0.18.0","4.4.3"
"Rtsne","0.17","4.4.1"
"rvest","1.0.5","4.4.1"
"S7","0.2.1","4.4.3"
"sass","0.4.10","4.4.1"
"scales","1.4.0","4.4.1"
"selectr","0.5-1","4.4.3"
"softImpute","1.4-3","4.4.1"
"SQUAREM","2026.1","4.4.3"
"stringi","1.8.7","4.4.1"
"stringr","1.6.0","4.4.1"
"sys","3.4.3","4.4.1"
"systemfonts","1.3.2","4.4.3"
"textshaping","1.0.5","4.4.3"
"tibble","3.3.1","4.4.3"
"tidyr","1.3.2","4.4.3"
"tidyselect","1.2.1","4.4.0"
"tidyverse","2.0.0","4.4.0"
"timechange","0.4.0","4.4.3"
"tinytex","0.58","4.4.3"
"truncnorm","1.0-9","4.4.1"
"trust","0.1-9","4.4.3"
"tzdb","0.5.0","4.4.1"
"utf8","1.2.6","4.4.1"
"uuid","1.2-2","4.4.3"
"V8","8.0.1","4.4.1"
"vctrs","0.7.2","4.4.3"
"viridisLite","0.4.3","4.4.3"
"vroom","1.7.0","4.4.3"
"withr","3.0.2","4.4.1"
"xfun","0.57","4.4.3"
"xml2","1.5.2","4.4.3"
"yaml","2.3.12","4.4.3"
