"Package","Version","Repository","MD5sum"
"ashr","2.2-63","https://cloud.r-project.org/bin/macosx/big-sur-arm64/contrib/4.4","a3f35eca9a5fb074a384da3cf9e87e50"
"askpass","1.2.1","https://cloud.r-project.org/bin/macosx/big-sur-arm64/contrib/4.4","e585f25121801341f2f3717be5a0f11e"
"backports","1.5.0","https://cloud.r-project.org/bin/macosx/big-sur-arm64/contrib/4.4","dbe5303f519316919450ca3c35ae2a7b"
"base64enc","0.1-6","https://cloud.r-project.org/bin/macosx/big-sur-arm64/contrib/4.4","db7e61072d579bf0df1a0d1b8243d1a4"
"bigD","0.3.1","https://cloud.r-project.org/bin/macosx/big-sur-arm64/contrib/4.4","ce2c6c7fb3725c543ed7345c77a343dc"
"bit","4.6.0","https://cloud.r-project.org/bin/macosx/big-sur-arm64/contrib/4.4","48bae0436da36cace068138702bfefe2"
"bit64","4.6.0-1","https://cloud.r-project.org/bin/macosx/big-sur-arm64/contrib/4.4","515044f66da398915c0e4db3dbe81eb1"
"bitops","1.0-9","https://cloud.r-project.org/bin/macosx/big-sur-arm64/contrib/4.4","c0fbc340ee45af23987d6838b8b58a11"
"blob","1.3.0","https://cloud.r-project.org/bin/macosx/big-sur-arm64/contrib/4.4","eb9262a169d78ee51f5dc4536c7c6809"
"broom","1.0.12","https://cloud.r-project.org/bin/macosx/big-sur-arm64/contrib/4.4","4ed9f775ee8724c5c1d3de72980b1b49"
"bslib","0.10.0","https://cloud.r-project.org/bin/macosx/big-sur-arm64/contrib/4.4","febe3883ad702ba08a74342db64dfeb2"
"cachem","1.1.0","https://cloud.r-project.org/bin/macosx/big-sur-arm64/contrib/4.4","ae0d80f1fc38386fdb7093c94a75db37"
"callr","3.7.6","https://cloud.r-project.org/bin/macosx/big-sur-arm64/contrib/4.4","4f53a0847ba9234b0115032373722893"
"cellranger","1.1.0","https://cloud.r-project.org/bin/macosx/big-sur-arm64/contrib/4.4","ef1b97dd32571b191262d8641d189b52"
"cli","3.6.5","https://cloud.r-project.org/bin/macosx/big-sur-arm64/contrib/4.4","4991b21bf7c49fb458e8e601c6487d89"
"clipr","0.8.0","https://cloud.r-project.org/bin/macosx/big-sur-arm64/contrib/4.4","e36d52f437454be2cc0f107a5830627e"
"commonmark","2.0.0","https://cloud.r-project.org/bin/macosx/big-sur-arm64/contrib/4.4","fdbfeb2f6e0eb50b6b649804a3249f09"
"conflicted","1.2.0","https://cloud.r-project.org/bin/macosx/big-sur-arm64/contrib/4.4","ef6380f397c91a1759d1849007c751e4"
"cowplot","1.2.0","https://cloud.r-project.org/bin/macosx/big-sur-arm64/contrib/4.4","995d053aa9a0c4d4e363c584599fb14b"
"cpp11","0.5.3","https://cloud.r-project.org/bin/macosx/big-sur-arm64/contrib/4.4","00340a3bb13ac524fb50a23d62791e92"
"crayon","1.5.3","https://cloud.r-project.org/bin/macosx/big-sur-arm64/contrib/4.4","cf117f7b374dfddcdd51b2970a2fb3fa"
"curl","7.0.0","https://cloud.r-project.org/bin/macosx/big-sur-arm64/contrib/4.4","ab868c96ded9d17713a5aa9f77abfc11"
"data.table","1.18.2.1","https://cloud.r-project.org/bin/macosx/big-sur-arm64/contrib/4.4","6fd9537c7cee9c4c367f8c847d4cb0ee"
"DBI","1.3.0","https://cloud.r-project.org/bin/macosx/big-sur-arm64/contrib/4.4","417889e32d6434cbe48348dd6830e2cf"
"dbplyr","2.5.1","https://cloud.r-project.org/bin/macosx/big-sur-arm64/contrib/4.4","3479bff48e3c40125649edcf20fe6136"
"deconvolveR","1.2-1","https://cloud.r-project.org/bin/macosx/big-sur-arm64/contrib/4.4","35d6b025657c9e9de7d766dbd93d1b3e"
"digest","0.6.39","https://cloud.r-project.org/bin/macosx/big-sur-arm64/contrib/4.4","16d54cd2d9ecd2a1b6a374af1ffe658e"
"dplyr","1.2.0","https://cloud.r-project.org/bin/macosx/big-sur-arm64/contrib/4.4","c61cd008d750eb06eefb74ef4eb3600a"
"dtplyr","1.3.3","https://cloud.r-project.org/bin/macosx/big-sur-arm64/contrib/4.4","6ee52cd102ad143ecf80d3b527ff547f"
"etrunct","0.1","https://cloud.r-project.org/bin/macosx/big-sur-arm64/contrib/4.4","85a446277f2359191d33e2ab8f0180c3"
"evaluate","1.0.5","https://cloud.r-project.org/bin/macosx/big-sur-arm64/contrib/4.4","75a04f8c5d8ab54536cec7413ba20861"
"farver","2.1.2","https://cloud.r-project.org/bin/macosx/big-sur-arm64/contrib/4.4","c766553483598dc212b225ec164778d2"
"fastmap","1.2.0","https://cloud.r-project.org/bin/macosx/big-sur-arm64/contrib/4.4","b98cf738a9918170c6b606fda04f96cb"
"flashier","1.0.7","https://cloud.r-project.org/bin/macosx/big-sur-arm64/contrib/4.4","83459fcd272dd85a5fa7d5a1f889400d"
"fontawesome","0.5.3","https://cloud.r-project.org/bin/macosx/big-sur-arm64/contrib/4.4","1e2984060aa0482b6adcafb8338b061b"
"forcats","1.0.1","https://cloud.r-project.org/bin/macosx/big-sur-arm64/contrib/4.4","7cfc7b9bf31cb8e50c8e114f1d4c40fe"
"fs","1.6.7","https://cloud.r-project.org/bin/macosx/big-sur-arm64/contrib/4.4","7be96e9116a0087e99be9b7b3addc384"
"gargle","1.6.1","https://cloud.r-project.org/bin/macosx/big-sur-arm64/contrib/4.4","c3cbc772e6f451e653914aa83e208c69"
"generics","0.1.4","https://cloud.r-project.org/bin/macosx/big-sur-arm64/contrib/4.4","f596be63241c11dfb7edcf58ce311ccd"
"ggplot2","4.0.2","https://cloud.r-project.org/bin/macosx/big-sur-arm64/contrib/4.4","0059a2ceff16531c3b27a6d63a28c81c"
"ggrepel","0.9.8","https://cloud.r-project.org/bin/macosx/big-sur-arm64/contrib/4.4","e0dfa09caef6dea32921952ca0389df1"
"glue","1.8.0","https://cloud.r-project.org/bin/macosx/big-sur-arm64/contrib/4.4","378c30d7751f0c8a27b9ec269f36893c"
"googledrive","2.1.2","https://cloud.r-project.org/bin/macosx/big-sur-arm64/contrib/4.4","f9a2ff571f272bbf78532112fb236347"
"googlesheets4","1.1.2","https://cloud.r-project.org/bin/macosx/big-sur-arm64/contrib/4.4","ac38b9824e0c215087aee5a89a5ea967"
"gt","1.3.0","https://cloud.r-project.org/bin/macosx/big-sur-arm64/contrib/4.4","eab041cb619cf65221833d7b0f3bd83d"
"gtable","0.3.6","https://cloud.r-project.org/bin/macosx/big-sur-arm64/contrib/4.4","a8f87ec05ebc7c44e37ba149ae935043"
"haven","2.5.5","https://cloud.r-project.org/bin/macosx/big-sur-arm64/contrib/4.4","5e6eaf673b4f416946190bdf3135e082"
"highr","0.12","https://cloud.r-project.org/bin/macosx/big-sur-arm64/contrib/4.4","9f673d0442a9be2651ef650354795c9f"
"hms","1.1.4","https://cloud.r-project.org/bin/macosx/big-sur-arm64/contrib/4.4","592255c3baace2ca01cf33f7044a1368"
"htmltools","0.5.9","https://cloud.r-project.org/bin/macosx/big-sur-arm64/contrib/4.4","b868d0519895d493eaa7c69021d7e78e"
"htmlwidgets","1.6.4","https://cloud.r-project.org/bin/macosx/big-sur-arm64/contrib/4.4","9f92f7fcc65693d14d6b75d9068a8c83"
"httr","1.4.8","https://cloud.r-project.org/bin/macosx/big-sur-arm64/contrib/4.4","a72e38dae2b5032012279173183e79b0"
"ids","1.0.1","https://cloud.r-project.org/bin/macosx/big-sur-arm64/contrib/4.4","d0ed18cac6a62ada8f0a27d2c5d1bb67"
"invgamma","1.2","https://cloud.r-project.org/bin/macosx/big-sur-arm64/contrib/4.4","e15217421666b916f0a2b89474b9bb87"
"irlba","2.3.7","https://cloud.r-project.org/bin/macosx/big-sur-arm64/contrib/4.4","f6e9df549adf1963b7952f06fc6336c6"
"isoband","0.3.0","https://cloud.r-project.org/bin/macosx/big-sur-arm64/contrib/4.4","078e8c1b55e11638213621af72668e3e"
"jquerylib","0.1.4","https://cloud.r-project.org/bin/macosx/big-sur-arm64/contrib/4.4","a81fbca6a4ea6866c5b192236ba5a8ff"
"jsonlite","2.0.0","https://cloud.r-project.org/bin/macosx/big-sur-arm64/contrib/4.4","3222dc80df952e4aac4bc5f92fbf4a7e"
"juicyjuice","0.1.0","https://cloud.r-project.org/bin/macosx/big-sur-arm64/contrib/4.4","eada383d2d40d643cdbd00e894a69ebc"
"knitr","1.51","https://cloud.r-project.org/bin/macosx/big-sur-arm64/contrib/4.4","0cf15217933c81f568b7801a87069bf8"
"labeling","0.4.3","https://cloud.r-project.org/bin/macosx/big-sur-arm64/contrib/4.4","6114dd7b151eeae8de94109f475937e7"
"lattice","0.22-9","https://cloud.r-project.org/bin/macosx/big-sur-arm64/contrib/4.4","e9790f285691c85356175b65f07a7653"
"lifecycle","1.0.5","https://cloud.r-project.org/bin/macosx/big-sur-arm64/contrib/4.4","cccb4bc53955b3fcbdea14bc5e80e22b"
"litedown","0.9","https://cloud.r-project.org/bin/macosx/big-sur-arm64/contrib/4.4","0c3f84aaed2ed2c523eca577cf24c095"
"lubridate","1.9.5","https://cloud.r-project.org/bin/macosx/big-sur-arm64/contrib/4.4","62f13c4c9e2466efd9491d3aea0573c4"
"magrittr","2.0.4","https://cloud.r-project.org/bin/macosx/big-sur-arm64/contrib/4.4","92b53bd657bb4841f9ab947a9391ac80"
"markdown","2.0","https://cloud.r-project.org/bin/macosx/big-sur-arm64/contrib/4.4","1f474234e3eefcd8c2b60abe1c008bc5"
"Matrix","1.7-5","https://cloud.r-project.org/bin/macosx/big-sur-arm64/contrib/4.4","5626b61b0366532397bbe64d4b5febe6"
"memoise","2.0.1","https://cloud.r-project.org/bin/macosx/big-sur-arm64/contrib/4.4","c77cac23f4b44abbe00c0a0406368a29"
"microbenchmark","1.5.0","https://cloud.r-project.org/bin/macosx/big-sur-arm64/contrib/4.4","4f88774c47dd4ee90de1b1c77a20e6c6"
"mime","0.13","https://cloud.r-project.org/bin/macosx/big-sur-arm64/contrib/4.4","adaa0e3af276e85a2365845365c00b01"
"mixsqp","0.3-54","https://cloud.r-project.org/bin/macosx/big-sur-arm64/contrib/4.4","fcb33355b9ea31aa9140e8e4ff55d024"
"modelr","0.1.11","https://cloud.r-project.org/bin/macosx/big-sur-arm64/contrib/4.4","a694146879cb3265a0d8b5178ca75c53"
"openssl","2.3.5","https://cloud.r-project.org/bin/macosx/big-sur-arm64/contrib/4.4","ff075ecfb98324b3c0bd291a948295c0"
"pillar","1.11.1","https://cloud.r-project.org/bin/macosx/big-sur-arm64/contrib/4.4","4c96a8fb77d257fd6b796cecc5da64f6"
"pkgconfig","2.0.3","https://cloud.r-project.org/bin/macosx/big-sur-arm64/contrib/4.4","ea517aff8c1e710c7e4542d1c451aac5"
"prettyunits","1.2.0","https://cloud.r-project.org/bin/macosx/big-sur-arm64/contrib/4.4","2cf04d5a3eab84bc3af8e57f2e39552f"
"processx","3.8.6","https://cloud.r-project.org/bin/macosx/big-sur-arm64/contrib/4.4","ed177a3d528d349f274683e76ce2824c"
"progress","1.2.3","https://cloud.r-project.org/bin/macosx/big-sur-arm64/contrib/4.4","6505a46d3998f1766a358fd8213b08dd"
"ps","1.9.1","https://cloud.r-project.org/bin/macosx/big-sur-arm64/contrib/4.4","5140490fb02480c99888d30a99a727cb"
"purrr","1.2.1","https://cloud.r-project.org/bin/macosx/big-sur-arm64/contrib/4.4","fc29bcd72047373f8bbcfad9331aa0d8"
"R6","2.6.1","https://cloud.r-project.org/bin/macosx/big-sur-arm64/contrib/4.4","dc2506c09cadfad30d1737a626885884"
"ragg","1.5.1","https://cloud.r-project.org/bin/macosx/big-sur-arm64/contrib/4.4","d7d310b716ed5a01fb8ce1da3c99b511"
"rappdirs","0.3.4","https://cloud.r-project.org/bin/macosx/big-sur-arm64/contrib/4.4","eda184a05fdb9a5eeec63856d0e7aba5"
"RColorBrewer","1.1-3","https://cloud.r-project.org/bin/macosx/big-sur-arm64/contrib/4.4","a936fdbf567b67ac68b3429c1b55253f"
"Rcpp","1.1.1","https://cloud.r-project.org/bin/macosx/big-sur-arm64/contrib/4.4","76b47dc9ea4dacfb4e996fd81ae6731d"
"RcppArmadillo","15.2.4-1","https://cloud.r-project.org/bin/macosx/big-sur-arm64/contrib/4.4","98a4b6ffe5ecac9029689af0098a7f48"
"reactable","0.4.5","https://cloud.r-project.org/bin/macosx/big-sur-arm64/contrib/4.4","e9dafc6e33566b58e413b80e847900a5"
"reactR","0.6.1","https://cloud.r-project.org/bin/macosx/big-sur-arm64/contrib/4.4","8b40380de167904de6a2cf978b7f8d43"
"readr","2.2.0","https://cloud.r-project.org/bin/macosx/big-sur-arm64/contrib/4.4","34c01a67f8329c17af2b6a56ed62e3f8"
"readxl","1.4.5","https://cloud.r-project.org/bin/macosx/big-sur-arm64/contrib/4.4","33149f0bc2077b8099b64d88e811d1ac"
"rematch","2.0.0","https://cloud.r-project.org/bin/macosx/big-sur-arm64/contrib/4.4","120f79dd0e56ae066008db14c728da32"
"rematch2","2.1.2","https://cloud.r-project.org/bin/macosx/big-sur-arm64/contrib/4.4","10696e4300789df67b44ab2899324a46"
"reprex","2.1.1","https://cloud.r-project.org/bin/macosx/big-sur-arm64/contrib/4.4","123f5f064ef4e0f536a0dd3237a2ad16"
"rlang","1.1.7","https://cloud.r-project.org/bin/macosx/big-sur-arm64/contrib/4.4","5758df98cf4b1a6d22579f1152f27a63"
"rmarkdown","2.30","https://cloud.r-project.org/bin/macosx/big-sur-arm64/contrib/4.4","ff678be3b60714691f73c07aa6f5507c"
"rstudioapi","0.18.0","https://cloud.r-project.org/bin/macosx/big-sur-arm64/contrib/4.4","676d1769e1246b2d946d3e6d523d97ca"
"Rtsne","0.17","https://cloud.r-project.org/bin/macosx/big-sur-arm64/contrib/4.4","b5f4b03e9cdb690e2c0d408c2d047f60"
"rvest","1.0.5","https://cloud.r-project.org/bin/macosx/big-sur-arm64/contrib/4.4","39255c0017291bbaf388a1d803743b37"
"S7","0.2.1","https://cloud.r-project.org/bin/macosx/big-sur-arm64/contrib/4.4","478b1c863a9c2aa7abd4aecb2fd0bd1f"
"sass","0.4.10","https://cloud.r-project.org/bin/macosx/big-sur-arm64/contrib/4.4","434add267d2e3d793ac99e4721aaa4c4"
"scales","1.4.0","https://cloud.r-project.org/bin/macosx/big-sur-arm64/contrib/4.4","fdac17e4556f58b05867723f4774ba80"
"selectr","0.5-1","https://cloud.r-project.org/bin/macosx/big-sur-arm64/contrib/4.4","bbcf260e2f4247317c82d87afb34157f"
"softImpute","1.4-3","https://cloud.r-project.org/bin/macosx/big-sur-arm64/contrib/4.4","556dfc5e2aed85065df17023f5e67eed"
"SQUAREM","2026.1","https://cloud.r-project.org/bin/macosx/big-sur-arm64/contrib/4.4","6c81688329f4c8b8710476e31659b1a9"
"stringi","1.8.7","https://cloud.r-project.org/bin/macosx/big-sur-arm64/contrib/4.4","c90cf7f9a10076e8a4c6b29662c4a276"
"stringr","1.6.0","https://cloud.r-project.org/bin/macosx/big-sur-arm64/contrib/4.4","0cb7e8789b23b5deb03f064498ffe9d0"
"sys","3.4.3","https://cloud.r-project.org/bin/macosx/big-sur-arm64/contrib/4.4","8c03f04bb977b6be4d0012af33413bac"
"systemfonts","1.3.2","https://cloud.r-project.org/bin/macosx/big-sur-arm64/contrib/4.4","bd116814a4bae1d5d72f0690b5a09139"
"textshaping","1.0.5","https://cloud.r-project.org/bin/macosx/big-sur-arm64/contrib/4.4","57607a5b228593469a23295b7f4cf428"
"tibble","3.3.1","https://cloud.r-project.org/bin/macosx/big-sur-arm64/contrib/4.4","8f4a66a3dd10ed5392bef511f521293c"
"tidyr","1.3.2","https://cloud.r-project.org/bin/macosx/big-sur-arm64/contrib/4.4","aba8af4a2a6d16a01f81d3cfa2205199"
"tidyselect","1.2.1","https://cloud.r-project.org/bin/macosx/big-sur-arm64/contrib/4.4","7cb0702f0cf4b628ea39ba2466dd49df"
"tidyverse","2.0.0","https://cloud.r-project.org/bin/macosx/big-sur-arm64/contrib/4.4","61e70e64ffa2c81663e063d69245d8b3"
"timechange","0.4.0","https://cloud.r-project.org/bin/macosx/big-sur-arm64/contrib/4.4","c490f7b729e3d81f58c70648e3124390"
"tinytex","0.58","https://cloud.r-project.org/bin/macosx/big-sur-arm64/contrib/4.4","b133de21675603f9fc59d5cf6ac64663"
"truncnorm","1.0-9","https://cloud.r-project.org/bin/macosx/big-sur-arm64/contrib/4.4","cc49364701d01c02b2bb9c5f6138ddd4"
"trust","0.1-9","https://cloud.r-project.org/bin/macosx/big-sur-arm64/contrib/4.4","7799fd24979fd8e551b4a36045ed2736"
"tzdb","0.5.0","https://cloud.r-project.org/bin/macosx/big-sur-arm64/contrib/4.4","cbc2f815d8515b7c0f35b896d1e18aae"
"utf8","1.2.6","https://cloud.r-project.org/bin/macosx/big-sur-arm64/contrib/4.4","84057996f1c1878864d873dcbb88170c"
"uuid","1.2-2","https://cloud.r-project.org/bin/macosx/big-sur-arm64/contrib/4.4","9938f2885ff6daf3ba930382e3e5e5e4"
"V8","8.0.1","https://cloud.r-project.org/bin/macosx/big-sur-arm64/contrib/4.4","b3cb2b45ae87893e0a234be691e0a6b0"
"vctrs","0.7.2","https://cloud.r-project.org/bin/macosx/big-sur-arm64/contrib/4.4","3286f33ce62002f8b1f4202c21fd8c5a"
"viridisLite","0.4.3","https://cloud.r-project.org/bin/macosx/big-sur-arm64/contrib/4.4","7eb454c1bccbf393f8a758dec323f22e"
"vroom","1.7.0","https://cloud.r-project.org/bin/macosx/big-sur-arm64/contrib/4.4","b7f9a9b829172877bc8a628dc8438774"
"withr","3.0.2","https://cloud.r-project.org/bin/macosx/big-sur-arm64/contrib/4.4","dabc8bb0caea4f1485e74ef2090f397d"
"xfun","0.57","https://cloud.r-project.org/bin/macosx/big-sur-arm64/contrib/4.4","ad2fdc3a9c82d1663a13a062b8ef62f1"
"xml2","1.5.2","https://cloud.r-project.org/bin/macosx/big-sur-arm64/contrib/4.4","86b01220e2927d3fa1225cfe6ca3b230"
"yaml","2.3.12","https://cloud.r-project.org/bin/macosx/big-sur-arm64/contrib/4.4","23fc5ea93487fe2b4a8f44bc9923e329"
