"Package","Version","Built","Priority"
"abind","1.4-8","4.4.1",NA
"backports","1.5.0","4.4.1",NA
"base","4.4.2","4.4.2","base"
"binom","1.1-1.1","4.4.1",NA
"boot","1.3-31","4.4.2","recommended"
"broom","1.0.12","4.4.3",NA
"car","3.1-5","4.4.3",NA
"carData","3.0-6","4.4.3",NA
"class","7.3-22","4.4.2","recommended"
"cli","3.6.5","4.4.1",NA
"cluster","2.1.6","4.4.2","recommended"
"codetools","0.2-20","4.4.2","recommended"
"colorspace","2.1-2","4.4.1",NA
"compiler","4.4.2","4.4.2","base"
"cowplot","1.2.0","4.4.1",NA
"cpp11","0.5.3","4.4.3",NA
"curl","7.0.0","4.4.1",NA
"datasets","4.4.2","4.4.2","base"
"deldir","2.0-4","4.4.1",NA
"Deriv","4.2.0","4.4.1",NA
"doBy","4.7.1","4.4.3",NA
"dplyr","1.2.0","4.4.3",NA
"farver","2.1.2","4.4.1",NA
"forecast","9.0.0","4.4.3",NA
"foreign","0.8-87","4.4.2","recommended"
"Formula","1.2-5","4.4.1",NA
"fracdiff","1.5-3","4.4.1",NA
"generics","0.1.4","4.4.1",NA
"ggplot2","4.0.2","4.4.3",NA
"glue","1.8.0","4.4.1",NA
"graphics","4.4.2","4.4.2","base"
"grDevices","4.4.2","4.4.2","base"
"grid","4.4.2","4.4.2","base"
"gtable","0.3.6","4.4.1",NA
"isoband","0.3.0","4.4.3",NA
"iterators","1.0.14","4.4.1",NA
"jsonlite","2.0.0","4.4.1",NA
"KernSmooth","2.23-24","4.4.2","recommended"
"labeling","0.4.3","4.4.1",NA
"lattice","0.22-6","4.4.2","recommended"
"lifecycle","1.0.5","4.4.3",NA
"lme4","1.1-38","4.4.3",NA
"lmerTest","3.2-0","4.4.3",NA
"lmtest","0.9-40","4.4.1",NA
"magrittr","2.0.4","4.4.1",NA
"MASS","7.3-61","4.4.2","recommended"
"Matrix","1.7-1","4.4.2","recommended"
"MatrixModels","0.5-4","4.4.1",NA
"methods","4.4.2","4.4.2","base"
"mgcv","1.9-1","4.4.2","recommended"
"microbenchmark","1.5.0","4.4.1",NA
"minqa","1.2.8","4.4.1",NA
"modelr","0.1.11","4.4.0",NA
"nlme","3.1-166","4.4.2","recommended"
"nloptr","2.2.1","4.4.1",NA
"nnet","7.3-19","4.4.2","recommended"
"numDeriv","2016.8-1.1","4.4.1",NA
"parallel","4.4.2","4.4.2","base"
"pbkrtest","0.5.5","4.4.1",NA
"pillar","1.11.1","4.4.1",NA
"pkgconfig","2.0.3","4.4.1",NA
"plotrix","3.8-13","4.4.3",NA
"plyr","1.8.9","4.4.1",NA
"pmsampsize","1.1.3","4.4.0",NA
"pmvalsampsize","0.1.0","4.4.0",NA
"polyclip","1.10-7","4.4.1",NA
"pROC","1.19.0.1","4.4.1",NA
"purrr","1.2.1","4.4.3",NA
"pwr","1.3-0","4.4.1",NA
"pwrss","1.0.0","4.4.1",NA
"quadprog","1.5-8","4.4.1",NA
"quantmod","0.4.28","4.4.1",NA
"quantreg","6.1","4.4.1",NA
"R6","2.6.1","4.4.1",NA
"rbibutils","2.4.1","4.4.3",NA
"RColorBrewer","1.1-3","4.4.1",NA
"Rcpp","1.1.1","4.4.3",NA
"RcppArmadillo","15.2.3-1","4.4.3",NA
"RcppEigen","0.3.4.0.2","4.4.1",NA
"Rdpack","2.6.5","4.4.3",NA
"reformulas","0.4.4","4.4.3",NA
"rlang","1.1.7","4.4.3",NA
"RLRsim","3.1-9","4.4.3",NA
"rpart","4.1.23","4.4.2","recommended"
"S7","0.2.1","4.4.3",NA
"scales","1.4.0","4.4.1",NA
"simr","1.0.8","4.4.1",NA
"SparseM","1.84-2","4.4.1",NA
"spatial","7.3-17","4.4.2","recommended"
"spatstat.data","3.1-9","4.4.1",NA
"spatstat.geom","3.7-0","4.4.3",NA
"spatstat.random","3.4-4","4.4.3",NA
"spatstat.univar","3.1-6","4.4.3",NA
"spatstat.utils","3.2-1","4.4.3",NA
"splines","4.4.2","4.4.2","base"
"stats","4.4.2","4.4.2","base"
"stats4","4.4.2","4.4.2","base"
"stringi","1.8.7","4.4.1",NA
"stringr","1.6.0","4.4.1",NA
"survival","3.7-0","4.4.2","recommended"
"swdpwr","1.11","4.4.1",NA
"tcltk","4.4.2","4.4.2","base"
"tibble","3.3.1","4.4.3",NA
"tidyr","1.3.2","4.4.3",NA
"tidyselect","1.2.1","4.4.0",NA
"timeDate","4052.112","4.4.3",NA
"tools","4.4.2","4.4.2","base"
"tseries","0.10-59","4.4.3",NA
"TTR","0.24.4","4.4.0",NA
"urca","1.3-4","4.4.0",NA
"utf8","1.2.6","4.4.1",NA
"utils","4.4.2","4.4.2","base"
"vctrs","0.7.1","4.4.3",NA
"viridisLite","0.4.3","4.4.3",NA
"withr","3.0.2","4.4.1",NA
"xts","0.14.1","4.4.1",NA
"zoo","1.8-15","4.4.3",NA
