"Package","Version","Path"
"zigg","0.0.2","/Users/yukangzengcmac/AI-Statistician/runs/publication_reference_qualification_20261002/tsci/reference_3_0_5/library/zigg"
"KernSmooth","2.23.26","/Users/yukangzengcmac/AI-Statistician/runs/publication_reference_qualification_20261002/tsci/reference_3_0_5/library/KernSmooth"
"mclust","6.1.2","/Users/yukangzengcmac/AI-Statistician/runs/publication_reference_qualification_20261002/tsci/reference_3_0_5/library/mclust"
"fds","1.8","/Users/yukangzengcmac/AI-Statistician/runs/publication_reference_qualification_20261002/tsci/reference_3_0_5/library/fds"
"deSolve","1.42","/Users/yukangzengcmac/AI-Statistician/runs/publication_reference_qualification_20261002/tsci/reference_3_0_5/library/deSolve"
"jsonlite","2.0.0","/Users/yukangzengcmac/AI-Statistician/runs/publication_reference_qualification_20261002/tsci/reference_3_0_5/library/jsonlite"
"data.table","1.18.2.1","/Users/yukangzengcmac/AI-Statistician/runs/publication_reference_qualification_20261002/tsci/reference_3_0_5/library/data.table"
"RcppParallel","5.1.11.2","/Users/yukangzengcmac/AI-Statistician/runs/publication_reference_qualification_20261002/tsci/reference_3_0_5/library/RcppParallel"
"hdrcde","3.5.0","/Users/yukangzengcmac/AI-Statistician/runs/publication_reference_qualification_20261002/tsci/reference_3_0_5/library/hdrcde"
"RCurl","1.98.1.18","/Users/yukangzengcmac/AI-Statistician/runs/publication_reference_qualification_20261002/tsci/reference_3_0_5/library/RCurl"
"colorspace","2.1.2","/Users/yukangzengcmac/AI-Statistician/runs/publication_reference_qualification_20261002/tsci/reference_3_0_5/library/colorspace"
"TSCI","3.0.5","/Users/yukangzengcmac/AI-Statistician/runs/publication_reference_qualification_20261002/tsci/reference_3_0_5/library/TSCI"
"ranger","0.18.0","/Users/yukangzengcmac/AI-Statistician/runs/publication_reference_qualification_20261002/tsci/reference_3_0_5/library/ranger"
"pracma","2.4.6","/Users/yukangzengcmac/AI-Statistician/runs/publication_reference_qualification_20261002/tsci/reference_3_0_5/library/pracma"
"methods","4.4.2","/Users/yukangzengcmac/.local/share/R-4.4.2/R.framework/Versions/4.4-arm64/Resources/library/methods"
"datasets","4.4.2","/Users/yukangzengcmac/.local/share/R-4.4.2/R.framework/Versions/4.4-arm64/Resources/library/datasets"
"fastDummies","1.7.5","/Users/yukangzengcmac/AI-Statistician/runs/publication_reference_qualification_20261002/tsci/reference_3_0_5/library/fastDummies"
"grid","4.4.2","/Users/yukangzengcmac/.local/share/R-4.4.2/R.framework/Versions/4.4-arm64/Resources/library/grid"
"bitops","1.0.9","/Users/yukangzengcmac/AI-Statistician/runs/publication_reference_qualification_20261002/tsci/reference_3_0_5/library/bitops"
"MASS","7.3.65","/Users/yukangzengcmac/AI-Statistician/runs/publication_reference_qualification_20261002/tsci/reference_3_0_5/library/MASS"
"ks","1.15.1","/Users/yukangzengcmac/AI-Statistician/runs/publication_reference_qualification_20261002/tsci/reference_3_0_5/library/ks"
"mvtnorm","1.3.6","/Users/yukangzengcmac/AI-Statistician/runs/publication_reference_qualification_20261002/tsci/reference_3_0_5/library/mvtnorm"
"utils","4.4.2","/Users/yukangzengcmac/.local/share/R-4.4.2/R.framework/Versions/4.4-arm64/Resources/library/utils"
"rainbow","3.8","/Users/yukangzengcmac/AI-Statistician/runs/publication_reference_qualification_20261002/tsci/reference_3_0_5/library/rainbow"
"cluster","2.1.8.2","/Users/yukangzengcmac/AI-Statistician/runs/publication_reference_qualification_20261002/tsci/reference_3_0_5/library/cluster"
"compiler","4.4.2","/Users/yukangzengcmac/.local/share/R-4.4.2/R.framework/Versions/4.4-arm64/Resources/library/compiler"
"Rcpp","1.1.1","/Users/yukangzengcmac/AI-Statistician/runs/publication_reference_qualification_20261002/tsci/reference_3_0_5/library/Rcpp"
"Rfast","2.1.5.2","/Users/yukangzengcmac/AI-Statistician/runs/publication_reference_qualification_20261002/tsci/reference_3_0_5/library/Rfast"
"stats","4.4.2","/Users/yukangzengcmac/.local/share/R-4.4.2/R.framework/Versions/4.4-arm64/Resources/library/stats"
"graphics","4.4.2","/Users/yukangzengcmac/.local/share/R-4.4.2/R.framework/Versions/4.4-arm64/Resources/library/graphics"
"fda","6.1.8","/Users/yukangzengcmac/AI-Statistician/runs/publication_reference_qualification_20261002/tsci/reference_3_0_5/library/fda"
"lattice","0.22.9","/Users/yukangzengcmac/AI-Statistician/runs/publication_reference_qualification_20261002/tsci/reference_3_0_5/library/lattice"
"xgboost","1.7.7.1","/Users/yukangzengcmac/AI-Statistician/runs/publication_reference_qualification_20261002/tsci/reference_3_0_5/library/xgboost"
"splines","4.4.2","/Users/yukangzengcmac/.local/share/R-4.4.2/R.framework/Versions/4.4-arm64/Resources/library/splines"
"pcaPP","2.0.5","/Users/yukangzengcmac/AI-Statistician/runs/publication_reference_qualification_20261002/tsci/reference_3_0_5/library/pcaPP"
"Matrix","1.7.5","/Users/yukangzengcmac/AI-Statistician/runs/publication_reference_qualification_20261002/tsci/reference_3_0_5/library/Matrix"
"tools","4.4.2","/Users/yukangzengcmac/.local/share/R-4.4.2/R.framework/Versions/4.4-arm64/Resources/library/tools"
"grDevices","4.4.2","/Users/yukangzengcmac/.local/share/R-4.4.2/R.framework/Versions/4.4-arm64/Resources/library/grDevices"
